n,time_binet,time_np,flops_binet
4,8.24999988253694e-05,4.388340021250769e-06,112
8,0.0005537920005735941,8.39165997604141e-06,960
16,0.004370208000182174,2.328209000552306e-05,7936
32,0.03294891599944094,7.652833002794068e-05,64512
64,0.25867337499948917,0.00028132041999924697,520192
128,2.1054684999980964,0.0016293099999893457,4177920
256,16.68183958299778,0.0053718366699831675,33488896
